column,outlier_count,outlier_%,lower_bound,upper_bound,min,max,mean
a,0,0.0,-3.142176633711669,3.0246509093762888,-2.653117498888999,2.589196743875571,-0.03719123692142584
b,0,0.0,-3.35894785555042,3.4940615783303444,-2.3499721970510286,2.35487124906903,0.039496508294837473
